<component xmlns="http://maven.apache.org/plugins/maven-assembly-plugin/component/1.1.2" xmlns:xsi="http://www.w3.org/2001/XMLSchema-instance"
           xsi:schemaLocation="http://maven.apache.org/plugins/maven-assembly-plugin/component/1.1.2 http://maven.apache.org/xsd/component-1.1.2.xsd">
  <files>
    <file>
      <source>conf/log4j2-docker.xml</source>
      <outputDirectory>conf</outputDirectory>
      <destName>log4j2.xml</destName>
    </file>
    <file>
      <source>conf/context.xml</source>
      <outputDirectory>conf</outputDirectory>
      <destName>context-h2.xml</destName>
      <filtered>false</filtered>
    </file>
    <file>
      <source>conf/context-mysql.xml</source>
      <outputDirectory>conf</outputDirectory>
      <filtered>false</filtered>
    </file>
    <file>
      <source>conf/repository-mysql.xml</source>
      <outputDirectory>conf</outputDirectory>
      <filtered>false</filtered>
    </file>
    <file>
      <source>conf/context-postgres.xml</source>
      <outputDirectory>conf</outputDirectory>
      <filtered>false</filtered>
    </file>
    <file>
      <source>conf/repository-postgres.xml</source>
      <outputDirectory>conf</outputDirectory>
      <filtered>false</filtered>
    </file>
    <file>
      <source>conf/catalina-logging.properties</source>
      <outputDirectory>conf</outputDirectory>
      <destName>logging.properties</destName>
    </file>
    <file>
      <source>conf/catalina.properties</source>
      <outputDirectory>conf</outputDirectory>
      <destName>catalina.properties</destName>
    </file>
    <file>
      <source>conf/server.xml</source>
      <outputDirectory>conf</outputDirectory>
      <filtered>false</filtered>
    </file>
  </files>
</component>
