<component xmlns="http://maven.apache.org/plugins/maven-assembly-plugin/component/1.1.2" xmlns:xsi="http://www.w3.org/2001/XMLSchema-instance"
           xsi:schemaLocation="http://maven.apache.org/plugins/maven-assembly-plugin/component/1.1.2 http://maven.apache.org/xsd/component-1.1.2.xsd">
  <dependencySets>
    <dependencySet>
      <unpack>true</unpack>
      <outputDirectory>webapps/cms</outputDirectory>
      <useProjectArtifact>false</useProjectArtifact>
      <scope>provided</scope>
      <includes>
        <include>${project.groupId}:${project.artifactId}-cms</include>
      </includes>
    </dependencySet>
    <dependencySet>
      <unpack>true</unpack>
      <outputDirectory>webapps/site</outputDirectory>
      <useProjectArtifact>false</useProjectArtifact>
      <scope>provided</scope>
      <includes>
        <include>${project.groupId}:${project.artifactId}-webapp</include>
      </includes>
    </dependencySet>
  </dependencySets>
</component>
