<assembly xmlns="http://maven.apache.org/plugins/maven-assembly-plugin/assembly/1.1.2"
    xmlns:xsi="http://www.w3.org/2001/XMLSchema-instance"
    xsi:schemaLocation="http://maven.apache.org/plugins/maven-assembly-plugin/assembly/1.1.2 http://maven.apache.org/xsd/assembly-1.1.2.xsd">
  <id>distribution-with-development-data</id>
  <formats>
    <format>tar.gz</format>
  </formats>
  <includeBaseDirectory>false</includeBaseDirectory>
  <componentDescriptors>
    <componentDescriptor>conf-component.xml</componentDescriptor>
    <componentDescriptor>webapps-component.xml</componentDescriptor>
    <componentDescriptor>common-lib-component.xml</componentDescriptor>
    <componentDescriptor>shared-lib-component.xml</componentDescriptor>
    <componentDescriptor>shared-lib-development-data-component.xml</componentDescriptor>
  </componentDescriptors>
</assembly>
