<component xmlns="http://maven.apache.org/plugins/maven-assembly-plugin/component/1.1.2" xmlns:xsi="http://www.w3.org/2001/XMLSchema-instance"
           xsi:schemaLocation="http://maven.apache.org/plugins/maven-assembly-plugin/component/1.1.2 http://maven.apache.org/xsd/component-1.1.2.xsd">
  <files>
    <file>
      <source>cms/target/cms.war</source>
      <outputDirectory>webapps</outputDirectory>
      <destName>cms.war</destName>
    </file>
    <file>
      <source>site/webapp/target/site.war</source>
      <outputDirectory>webapps</outputDirectory>
      <destName>site.war</destName>
    </file>
  </files>
</component>
