<?xml version="1.0" encoding="UTF-8"?>
<!--
  Copyright 2014-2017 Hippo B.V. (http://www.onehippo.com)

  Licensed under the Apache License, Version 2.0 (the "License");
  you may not use this file except in compliance with the License.
  You may obtain a copy of the License at

   http://www.apache.org/licenses/LICENSE-2.0

  Unless required by applicable law or agreed to in writing, software
  distributed under the License is distributed on an "AS IS" BASIS,
  WITHOUT WARRANTIES OR CONDITIONS OF ANY KIND, either express or implied.
  See the License for the specific language governing permissions and
  limitations under the License.
  -->
<beans xmlns="http://www.springframework.org/schema/beans"
       xmlns:xsi="http://www.w3.org/2001/XMLSchema-instance"
       xsi:schemaLocation="http://www.springframework.org/schema/beans http://www.springframework.org/schema/beans/spring-beans-3.0.xsd">

  <bean id="jaxrsRestJacksonObjectMapper" class="com.fasterxml.jackson.databind.ObjectMapper">
    <property name="annotationIntrospector">
      <bean class="com.fasterxml.jackson.databind.introspect.JacksonAnnotationIntrospector"/>
    </property>
  </bean>

  <bean id="jsonProvider" class="com.fasterxml.jackson.jaxrs.json.JacksonJsonProvider">
    <property name="mapper" ref="jaxrsRestJacksonObjectMapper" />
  </bean>

  <!-- Built-in Entity Providers which are annotated with javax.ws.rs.ext.Provider. -->
  <bean id="jaxrsRestDefaultEntityProviders" class="org.springframework.beans.factory.config.ListFactoryBean">
    <property name="sourceList">
      <list>
        <ref bean="jsonProvider"/>
      </list>
    </property>
  </bean>

  <!-- Custom Entity Providers which are annotated with javax.ws.rs.ext.Provider. -->
  <bean id="customJaxrsRestEntityProviders" class="org.springframework.beans.factory.config.ListFactoryBean">
    <property name="sourceList">
      <list>
      </list>
    </property>
  </bean>

  <bean id="jaxrsRestAllEntityProviders" class="org.springframework.beans.factory.config.MethodInvokingFactoryBean">
    <property name="targetClass" value="org.apache.commons.collections.ListUtils"/>
    <property name="targetMethod" value="union"/>
    <property name="arguments">
      <list>
        <ref bean="jaxrsRestDefaultEntityProviders"/>
        <ref bean="customJaxrsRestEntityProviders"/>
      </list>
    </property>
  </bean>

</beans>

