<?xml version="1.0" encoding="UTF-8"?>
<!--
  Copyright 2015 Hippo B.V. (http://www.onehippo.com)

  Licensed under the Apache License, Version 2.0 (the "License");
  you may not use this file except in compliance with the License.
  You may obtain a copy of the License at

   http://www.apache.org/licenses/LICENSE-2.0

  Unless required by applicable law or agreed to in writing, software
  distributed under the License is distributed on an "AS IS" BASIS,
  WITHOUT WARRANTIES OR CONDITIONS OF ANY KIND, either express or implied.
  See the License for the specific language governing permissions and
  limitations under the License.
  -->

<beans xmlns="http://www.springframework.org/schema/beans"
       xmlns:xsi="http://www.w3.org/2001/XMLSchema-instance"
       xsi:schemaLocation="http://www.springframework.org/schema/beans http://www.springframework.org/schema/beans/spring-beans.xsd">

    <!--Override the default pageable factory-->
    <bean id="org.onehippo.cms7.essentials.components.ext.PageableFactory"
          class="org.onehippo.cms7.essentials.components.ext.DefaultPageableFactory"/>

    <!-- Default no-operation do before extension -->
    <bean id="org.onehippo.cms7.essentials.components.ext.DoBeforeRenderExtension"
          class="org.onehippo.cms7.essentials.components.ext.NoopDoBeforeRenderExtension"/>

    <!-- The following three imports will include pipeline configurations for
     both JaxrsRestPlainPipeline and JaxrsRestContentPipeline !!! -->
    <import resource="classpath:/org/hippoecm/hst/site/optional/jaxrs/SpringComponentManager-rest-jackson.xml"/>
    <import resource="classpath:/org/hippoecm/hst/site/optional/jaxrs/SpringComponentManager-rest-plain-pipeline.xml"/>
    <import resource="classpath:/org/hippoecm/hst/site/optional/jaxrs/SpringComponentManager-rest-content-pipeline.xml"/>

    <bean id="assessmentServiceImpl" class="org.example.servlet.service.impl.AssessmentServiceImpl" />

    <!-- Your custom JAX-RS REST Plain Resource Providers will be added into the following list !!! -->
    <bean id="customRestPlainResourceProviders" class="org.springframework.beans.factory.config.ListFactoryBean">
        <property name="sourceList">
            <list>
                <!-- Wrap your JAX-RS component by SingletonResourceProvider. -->
                <bean class="org.apache.cxf.jaxrs.lifecycle.SingletonResourceProvider">
                    <constructor-arg>
                        <bean class="org.example.servlet.AssessmentResource">
                            <constructor-arg name="assessmentService" ref="assessmentServiceImpl" />
                        </bean>
                    </constructor-arg>
                </bean>
            </list>
        </property>
    </bean>

</beans>
